{"payload": [21319.0, 21319.0, 11581.0, 0.0], "range": [0.0, 3567518.611391627, 6255295.690300136, 7004551.239320824]}