{"payload": [21319.0, 21319.0, 11915.337388059706, 0.0], "range": [0.0, 2529978.503421227, 4426337.1144258175, 4958660.931813034]}