{"payload": [21319.0, 21319.0, 19944.289552238806, 0.0], "range": [0.0, 5339272.327018598, 5866578.356686792, 7148341.005082338]}