{"payload": [21319.0, 21319.0, 11581.0, 0.0], "range": [0.0, 4357064.52446301, 7591265.841340036, 8511366.962366262]}