{"payload": [21319.0, 21319.0, 21319.0, 0.0], "range": [0.0, 4386371.525553857, 4386475.673384949, 5594569.5726765655]}