{"payload": [21319.0, 21319.0, 21120.458059701486, 0.0], "range": [0.0, 4351458.819395586, 4413820.919281756, 5425010.042505761]}