{"payload": [21319.0, 21319.0, 21319.0, 0.0], "range": [0.0, 4474157.843595217, 4474305.751608495, 5690139.681266866]}