{"payload": [21319.0, 21319.0, 11581.0, 0.0], "range": [0.0, 3265712.02377548, 5744357.664201367, 6428243.795848843]}