{"payload": [21319.0, 21319.0, 18694.974626865675, 0.0], "range": [0.0, 5159241.256277798, 6140648.093996082, 7391432.703435988]}