{"payload": [15128.0, 15128.0, 10344.599999999999, 0.0], "range": [0.0, 3237161.8823650586, 4566464.7264813455, 4905623.116092035]}