{"payload": [15128.0, 15128.0, 15128.0, 0.0], "range": [0.0, 4429730.348370522, 4429472.172670272, 4951677.404115397]}