{"payload": [15128.0, 15128.0, 10569.886507462688, 0.0], "range": [0.0, 2335623.515418078, 3255535.509730405, 3487739.705622028]}