{"payload": [15128.0, 15128.0, 10344.599999999999, 0.0], "range": [0.0, 3920359.639203687, 5524936.089007166, 5946512.774665726]}