{"payload": [15128.0, 15128.0, 15128.0, 0.0], "range": [0.0, 3422516.86589647, 3422501.2673979974, 3883808.12574111]}