{"payload": [15128.0, 15128.0, 15128.0, 0.0], "range": [0.0, 3378918.260168235, 3378889.511059791, 3778639.480699837]}