{"payload": [15128.0, 15128.0, 15128.0, 0.0], "range": [0.0, 3482062.960912392, 3482046.7987711243, 3947977.9396892926]}