{"payload": [15128.0, 15128.0, 15128.0, 0.0], "range": [0.0, 4609259.083718314, 4609197.986265852, 5124760.843147404]}