{"payload": [15128.0, 15128.0, 10344.599999999999, 0.0], "range": [0.0, 2975469.8023965987, 4199363.419608556, 4507016.567302844]}