{
    "NC10H22": 0.16449,
    "NC12H26": 0.34308,
    "NC16H34":0.10335,
    "IC8H18": 0.08630,
    "NC7H14": 0.07945,
    "C6H5C2H5": 0.07348,
    "C6H5C4H9": 0.05812,
    "C10H7CH3": 0.10972
}